{
  "name" : "EDIS_global",
  "usePageSpecificAreas" : true,
  "globalAreasList" : [ {
    "x1" : 17.76,
    "y1" : 17.729736,
    "x2" : 439.2,
    "y2" : 628.7698,
    "width" : 421.44,
    "height" : 611.04004
  } ],
  "pageSpecificAreasMap" : {
    "1" : [ {
      "x1" : 441.66666,
      "y1" : 326.26477,
      "x2" : 540.625,
      "y2" : 462.7231,
      "width" : 98.95834,
      "height" : 136.45834
    }, {
      "x1" : 67.70833,
      "y1" : 54.38983,
      "x2" : 437.49997,
      "y2" : 496.05646,
      "width" : 369.79163,
      "height" : 441.66663
    } ],
    "2" : [ {
      "x1" : 37.5,
      "y1" : 125.223145,
      "x2" : 541.6666,
      "y2" : 776.2648,
      "width" : 504.16663,
      "height" : 651.0416
    } ],
    "3" : [ {
      "x1" : 63.541664,
      "y1" : 115.848145,
      "x2" : 564.5833,
      "y2" : 783.55646,
      "width" : 501.04166,
      "height" : 667.7083
    } ],
    "4" : [ {
      "x1" : 30.208332,
      "y1" : 145.01477,
      "x2" : 535.4166,
      "y2" : 772.0981,
      "width" : 505.20828,
      "height" : 627.0833
    } ]
  }
}